messageId,messageCreatedAt,messageAuthorId,messageContent,agentModel,agentTier,agentTokensInput,agentTokensOutput,feedbackId,feedbackUserId,feedbackType,feedbackReason,feedbackComment,feedbackRuleId,feedbackRuleAction,feedbackCreatedAt
fda89bc5-b069-4e7f-b856-1b399ea42930,2026-03-18T18:51:01.936Z,agent,"# Team Workspace

Use this quick start to begin.

## Start
1. (Optional) Open **Edit Context** and set goal, constraints, timeline, and success criteria.
2. Use center chat to align on direction and decisions.
3. Use composer modes or slash commands as needed: `/summary`, `/research`, `/actions`, `/help`.

## Workspace
- Insights are shown in the right panel.
- Marker links connect each insight back to source chat context.

Begin with a short team intro in chat.",,,,,,,,,,,,
e3d21fd6-35ea-4e6b-8702-a0f3f39c74d5,2026-03-18T18:51:01.941Z,agent,📌 Summary available: Demo: Conversation Snapshot,,,,,,,,,,,,
0f33a214-3482-4932-8184-a136d6902059,2026-03-18T18:51:01.948Z,agent,📌 Research available: Demo: Research,,,,,,,,,,,,
03a6bec8-5d61-4b11-92fb-ec6dd6d42942,2026-03-18T18:51:01.954Z,agent,📌 Action Item available: Demo: Action Item,,,,,,,,,,,,
08c38979-77f3-4ee4-96ba-9ad1695e98a1,2026-03-18T18:51:01.959Z,agent,📌 Help available: Demo: Help Card,,,,,,,,,,,,
48a614ea-45af-4fd6-922d-bd83c605d27c,2026-03-19T09:35:00.670Z,agent,"Generated summary: Key Discussion Points

Key Discussion Points The integration of AR elements with physical bow and virtual targets for the archery system",,,,,,,,,,,,
febe4462-fcbb-4e7c-8bce-c8685316f605,2026-03-19T09:35:41.165Z,study-user-03-01,hi chat im samuel,,,,,,,,,,,,
e6a0bf2a-9147-4cfe-8163-53171a78b37a,2026-03-19T09:37:03.656Z,study-user-03-01,sup my bros,,,,,,,,,,,,
746d514f-54a5-43ae-99bb-aae18ebab491,2026-03-19T09:37:06.520Z,study-user-03-01,anyone here,,,,,,,,,,,,
c14f2115-89b8-4619-bb01-12abd6e3e281,2026-03-19T09:37:50.819Z,study-user-03-01,how do i use mqtt to transmit a stream of information from an esp32 to my laptop,,,,,,,,,,,,
e8d1395c-975b-4cb6-a86b-f9d22512e767,2026-03-19T09:37:58.871Z,agent,"Generated research: Focused Research: Using MQTT to Transmit Data from ESP32 to Laptop

Focused Research: Using MQTT to Transmit Data from ESP32 to Laptop Background & Assumptions Context: The team is developing an AR archery system, involving sensors (IMU, flex se...",,,,,,,,,,,,
d5cd2bb3-6770-4dd5-b552-c6b210321575,2026-03-19T09:40:12.791Z,study-user-03-01,how do i verify the behind any lag happening in the information sent between my esp32 and the mqtt broker on my laptop,,,,,,,,,,,,
9c0c7d1a-0b06-4d41-9b4e-7be574cf4b04,2026-03-19T09:40:53.991Z,study-user-03-01,how do i verify the reason behind any lag happening in the information sent between my esp32 and the mqtt broker on my laptop,,,,,,,,,,,,
89bce018-364d-4a90-beca-5a44172f00e9,2026-03-19T09:41:12.528Z,study-user-03-01,help,,,,,,,,,,,,
49df9fab-7f6a-4663-a6cf-7d670cf55ab2,2026-03-19T09:41:16.328Z,study-user-03-01,/hel,,,,,,,,,,,,
68f0ea07-748f-44f4-995f-3d3bc42e2eac,2026-03-19T09:41:22.289Z,agent,"Generated help recommendations: *Check Network Latency**

Help Recommendations Check Network Latency Use tools like ping or traceroute to measure the latency between your ESP32 and laptop",,,,,,,,,,,,
b59c767d-4f82-41eb-bfca-1cde03c3761c,2026-03-19T09:42:26.414Z,study-user-03-01,how do i enable logging on my mqtt broker,,,,,,,,,,,,
00d0ae35-b6ea-487e-8bdc-459bfbdd7ae9,2026-03-19T09:45:08.684Z,agent,"Generated help recommendations: *Enable Logging in MQTT Broker**

Help Recommendations Enable Logging in MQTT Broker Most MQTT brokers, such as Mosquitto, support logging for debugging purposes",,,,,,,,,,,,